gensler.com,website_comments@gensler.com
sweetdesigncollective.com,juana.najera@sweetdesigncollective.com
jacinteriors.com,info@jacinteriors.com
studio9interiordesign.com,raquel@studio9interiordesign.com
sandracosta.com,inquire@sandracosta.com,design@sandracosta.com
jdp-arc.com,info@jdp-arc.com
mattersofspace.com,info@mattersofspace.com
5plusdesign.com,info@5plusdesign.com
eddiemickenberg.com,EDDIEMICKENBERG@GMAIL.COM
spaziodesignsla.com,info@spaziodesignsla.com
vidaldesigncollaborative.com,hello@vidaldesigncollaborative.com
synthesis-dna.com,studio@synthesisdna.com,studio@synthesis-dna.com
22interiors.com,Info@22Interiors.com,info@22interiors.com
pidainteriordesignsolutions.com,pida2021@outlook.com
kelly-architects.com,hello@kelly-architects.com
schoos.com,contact@schoos.com,michael@schoos.com
clementsdesign.com,INFO@CLEMENTSDESIGN.COM
adriapauli.com,adria@adriapauli.com
marikointeriors.com,Mariko@marikointeriors.com,mariko@marikointeriors.com
interiorarchitects.com,hello@interiorarchitects.com
cottinodesign.com,hello@cottinodesign.com
studioofrelativity.com,hello@cottinodesign.com
nacarchitecture.com,hello@cottinodesign.com
pacificdesigncenter.com,info@pacificdesigncenter.com
franklinstudiosarch.com,steve@franklinstudiosarch.com,laney@franklinstudiosarch.com
3d-rendering-animation-ca.com,orders@3drendercompany.com
annetteenglish.com,info@annetteenglish.com,careers@annetteenglish.com
zgf.com,info@zgf.com,partnerships@zgf.com,media@zgf.com
avenueid.com,info@avenueid.com,employment@avenueid.com,press@avenueid.com
communedesign.com,employment@communedesign.com,press@communedesign.com,shop@communedesign.com
jamiebush.com,info@jamiebush.com
houseofhoney.com,jobs@houseofhoney.com
meyerdavis.com,pr@meyerdavis.com,info@meyerdavis.com,jobs@meyerdavis.com,vendors@meyerdavis.com
rodrigovargasdesign.com,pr@meyerdavis.com,info@meyerdavis.com,jobs@meyerdavis.com,vendors@meyerdavis.com
m-rad.com,pr@meyerdavis.com,info@meyerdavis.com,jobs@meyerdavis.com,vendors@meyerdavis.com
browndesigninc.com,pr@meyerdavis.com,info@meyerdavis.com,jobs@meyerdavis.com,vendors@meyerdavis.com
courtneythomasdesign.com,pr@meyerdavis.com,info@meyerdavis.com,jobs@meyerdavis.com,vendors@meyerdavis.com
srkarchitectsinc.com,bkite@srkarchitectsinc.com
randeleamaninteriors.com,Rande@RandeLeamanInteriors.co,rande@randeleamaninteriors.com
spaziolatilegallery.com,sales@spaziolatilegallery.com
bbastudios.com,info@bbastudios.com
ryansaghian.com,shanaz@jalexanderfurniture.com,jodie@jrconsultancy.co,roxie@roxiepr.com,careers@ryansaghian.com,jennarose@theeyeagency.com
aadesignfirm.com,arlenetai@me.com,avatai@icloud.com
mahledesign.com,leonora@mahledesign.com
duttonarchitects.com,jobs@duttonarchitects.com
nightpalm.com,bmelton@nightpalm.com,info@nightpalm.com
cleyatelier.com,Christine@CleyAtelier.com,christine@cleyatelier.com
sharkovdesignstudio.com,Elizabeth@SharkovDesignStudio.com
sweiskloss.com,info@sweiskloss.com
thedesignagency.ca,info@thedesignagency.ca
logistis.design,HELLO@LOGISTIS.DESIGN
wirtdesign.com,info@wirtdesign.com,wdg@wirtdesign.com
facebook.com,dev7561@gmail.com
preeninc.com,INFO@PREENINC.COM
donnalivingstondesign.com,donna@dlivingstondesign.com
arianalaraedesigns.com,arianalaraedesigns@gmail.com
architect.la,info@architect.la
lancewang.com,info@lancewang.com
vanguard-development.com,info@vanguard-development.com
connatedesign.com,info@connatedesign.com
towerdesign.com,hello@towerdesign.com
designstudio-group.com,info@mysite.com
johnsonfain.com,hr@johnsonfain.com,tconverse@johnsonfain.com
theplatformexperiment.com,design@theplatformexperiment.com,staging@theplatformexperiment.com
hannaliinteriors.com,hello@hannaliinteriors.com,career@hannaliinteriors.com
hok.com,newbusiness@hok.com,media@hok.com,hokcontact@hok.com
aaha.studio,hello@aaha.studio
standardarchitecture.com,positions@standardarchitecture.com,nes@nescreative.com,info@standardarchitecture.com
dtladesign.com,eric@dtladesign.com
blenddesignla.com,david@blenddesignla.com
rickikline.com,info@rickikline.com
massuccowarner.com,hello@massuccowarner.com
chiavarodesign.com,sandro@chiavarodesign.com,stacy@chiavarodesign.com
jerde.com,jerdechina@jerde.com,jerdekorea@jerde.com,emily.lowthian@jerde.com,jerdeLATAM@jerde.com,jerdeHQ@jerde.com,jerdeAPAC@jerde.com
4cdesigngroup.com,solim@4Cdesigngroup.com,steve@4Cdesigngroup.com
in2designla.com,INFO@IN2DESIGNLA.COM,MARTA@IN2DESIGNLA.COM
hivelahome.com,devon@hivelahome.com,info@hivelahome.com,jess@hivelahome.com
